{
    "loss": 0.35967758297920227,
    "accuracy": 0.8606753349304199
}