{
    "loss": 0.31682202219963074,
    "accuracy": 0.8842063546180725
}